date,author,score,title,url
 5/30,lyleselena,,Re: [問卦] 恕我愚昧 請問高端三期試驗要在哪裡做,/bbs/Gossiping/M.1622373102.A.8B1.html
 5/30,AMPHIBIA,6,[爆卦] 有抗體不代表有保護力/抵抗力/免疫力,/bbs/Gossiping/M.1622373140.A.F3C.html
 5/30,zzahoward,1,Re: [問卦] 恕我愚昧 請問高端三期試驗要在哪裡做,/bbs/Gossiping/M.1622373145.A.5DE.html
 5/30,chal,,[問卦] 這樣算不算郭台銘也入股高端產業鏈？,/bbs/Gossiping/M.1622373186.A.8F2.html
 5/30,sunyeah,10,[問卦] 雨都剛好下在水庫是不是有處理過,/bbs/Gossiping/M.1622373186.A.DD1.html
 5/30,KZS,1,[問卦] 為什麼對台灣醫學系相關國產疫苗這麼抗拒,/bbs/Gossiping/M.1622373216.A.64A.html
 5/30,junzi,4,Re: [新聞] 不只高端！指揮中心證實：高端、聯亞皆在,/bbs/Gossiping/M.1622373242.A.0BE.html
 5/30,mqqm,6,[問卦] 中國是否有施壓,/bbs/Gossiping/M.1622373245.A.024.html
 5/30,XDDDDDDDDDD,,[問卦] 明天五月天會有什麼驚喜嗎？,/bbs/Gossiping/M.1622373282.A.B2B.html
 5/30,lackoffuck,3,[問卦] 公司有在研發肝癌新藥  該投資ㄇ,/bbs/Gossiping/M.1622373289.A.60F.html
 5/30,freedom56,,Re: [問卦] 震撼彈!鋼彈SEED準備出劇場版跟外傳,/bbs/Gossiping/M.1622373301.A.E19.html
 5/30,jimmy20642,,[問卦] 打國產到時候可以出國嗎?,/bbs/Gossiping/M.1622373312.A.19B.html
 5/30,node1,1,[問卦] 2024柯p是不是穩了,/bbs/Gossiping/M.1622373326.A.1A1.html
 5/30,reigon1126,4,[問卦] 現在八卦說的側翼定義是？,/bbs/Gossiping/M.1622373326.A.986.html
 5/30,xox5678,,Re: [爆卦] 陳時中:如果失敗 我們再買國外的,/bbs/Gossiping/M.1622373354.A.C73.html
 5/30,gmooshan,,Re: [新聞] 不只高端！指揮中心證實：高端、聯亞皆在,/bbs/Gossiping/M.1622373363.A.641.html
 5/30,k281234,,Re: [問卦] 長輩很不怕死的卦,/bbs/Gossiping/M.1622373373.A.D40.html
 5/11,arsonlolita,,[公告] 八卦板板規(2021.05.11),/bbs/Gossiping/M.1620716589.A.F0C.html
 5/27,arsonlolita,爆,[協尋] 內湖成美橋行車記錄0522上午11:40-12:00,/bbs/Gossiping/M.1622108834.A.167.html
 5/29,ayuyuyu,爆,[協尋] 男 81歲 185cm 最後身影於日月潭,/bbs/Gossiping/M.1622294722.A.E56.html
 5/30,ubcs,63,[公告] 精華區新增2021武漢肺炎專區,/bbs/Gossiping/M.1622304528.A.B85.html
